[{"model": "admin.logentry", "pk": 1, "fields": {"action_time": "2025-05-18T10:10:01.361Z", "user": 1, "content_type": 7, "object_id": "1", "object_repr": "Model S", "action_flag": 1, "change_message": "[{\"added\": {}}]"}}, {"model": "admin.logentry", "pk": 2, "fields": {"action_time": "2025-05-18T10:10:16.469Z", "user": 1, "content_type": 7, "object_id": "2", "object_repr": "Model Y", "action_flag": 1, "change_message": "[{\"added\": {}}]"}}, {"model": "admin.logentry", "pk": 3, "fields": {"action_time": "2025-05-18T10:10:34.212Z", "user": 1, "content_type": 7, "object_id": "3", "object_repr": "Model 3", "action_flag": 1, "change_message": "[{\"added\": {}}]"}}, {"model": "admin.logentry", "pk": 4, "fields": {"action_time": "2025-05-18T10:10:53.548Z", "user": 1, "content_type": 7, "object_id": "4", "object_repr": "Cybertruck", "action_flag": 1, "change_message": "[{\"added\": {}}]"}}, {"model": "admin.logentry", "pk": 5, "fields": {"action_time": "2025-05-18T10:25:44.255Z", "user": 1, "content_type": 6, "object_id": "1", "object_repr": "2024 New Model S Vehicle with 1,230 miles", "action_flag": 1, "change_message": "[{\"added\": {}}]"}}, {"model": "admin.logentry", "pk": 6, "fields": {"action_time": "2025-05-18T10:34:00.354Z", "user": 1, "content_type": 6, "object_id": "1", "object_repr": "2024 New Model S Vehicle with 1,230 miles", "action_flag": 2, "change_message": "[{\"added\": {\"name\": \"product media\", \"object\": \"Media for 2024 New Model S Vehicle with 1,230 miles\"}}]"}}, {"model": "admin.logentry", "pk": 7, "fields": {"action_time": "2025-05-18T10:35:05.001Z", "user": 1, "content_type": 6, "object_id": "1", "object_repr": "2024 New Model S Vehicle with 1,230 miles", "action_flag": 2, "change_message": "[{\"added\": {\"name\": \"product media\", \"object\": \"Media for 2024 New Model S Vehicle with 1,230 miles\"}}, {\"added\": {\"name\": \"product media\", \"object\": \"Media for 2024 New Model S Vehicle with 1,230 miles\"}}, {\"added\": {\"name\": \"product media\", \"object\": \"Media for 2024 New Model S Vehicle with 1,230 miles\"}}]"}}, {"model": "admin.logentry", "pk": 8, "fields": {"action_time": "2025-05-18T10:48:02.478Z", "user": 1, "content_type": 6, "object_id": "2", "object_repr": "Model S Demo Vehicle with 1,928 mi", "action_flag": 1, "change_message": "[{\"added\": {}}, {\"added\": {\"name\": \"product media\", \"object\": \"Media for Model S Demo Vehicle with 1,928 mi\"}}, {\"added\": {\"name\": \"product media\", \"object\": \"Media for Model S Demo Vehicle with 1,928 mi\"}}, {\"added\": {\"name\": \"product media\", \"object\": \"Media for Model S Demo Vehicle with 1,928 mi\"}}, {\"added\": {\"name\": \"product media\", \"object\": \"Media for Model S Demo Vehicle with 1,928 mi\"}}, {\"added\": {\"name\": \"product media\", \"object\": \"Media for Model S Demo Vehicle with 1,928 mi\"}}]"}}, {"model": "admin.logentry", "pk": 9, "fields": {"action_time": "2025-05-18T10:54:04.565Z", "user": 1, "content_type": 6, "object_id": "3", "object_repr": "Long Range Rear-Wheel New Model 3 Vehicle", "action_flag": 1, "change_message": "[{\"added\": {}}, {\"added\": {\"name\": \"product media\", \"object\": \"Media for Long Range Rear-Wheel New Model 3 Vehicle\"}}, {\"added\": {\"name\": \"product media\", \"object\": \"Media for Long Range Rear-Wheel New Model 3 Vehicle\"}}, {\"added\": {\"name\": \"product media\", \"object\": \"Media for Long Range Rear-Wheel New Model 3 Vehicle\"}}, {\"added\": {\"name\": \"product media\", \"object\": \"Media for Long Range Rear-Wheel New Model 3 Vehicle\"}}, {\"added\": {\"name\": \"product media\", \"object\": \"Media for Long Range Rear-Wheel New Model 3 Vehicle\"}}]"}}, {"model": "admin.logentry", "pk": 10, "fields": {"action_time": "2025-05-18T10:57:51.946Z", "user": 1, "content_type": 6, "object_id": "4", "object_repr": "Long Range Rear-Wheel Drive Model 3 New Vehicle", "action_flag": 1, "change_message": "[{\"added\": {}}, {\"added\": {\"name\": \"product media\", \"object\": \"Media for Long Range Rear-Wheel Drive Model 3 New Vehicle\"}}, {\"added\": {\"name\": \"product media\", \"object\": \"Media for Long Range Rear-Wheel Drive Model 3 New Vehicle\"}}, {\"added\": {\"name\": \"product media\", \"object\": \"Media for Long Range Rear-Wheel Drive Model 3 New Vehicle\"}}, {\"added\": {\"name\": \"product media\", \"object\": \"Media for Long Range Rear-Wheel Drive Model 3 New Vehicle\"}}, {\"added\": {\"name\": \"product media\", \"object\": \"Media for Long Range Rear-Wheel Drive Model 3 New Vehicle\"}}]"}}, {"model": "admin.logentry", "pk": 11, "fields": {"action_time": "2025-05-18T10:58:43.088Z", "user": 1, "content_type": 7, "object_id": "5", "object_repr": "Model X", "action_flag": 1, "change_message": "[{\"added\": {}}]"}}, {"model": "admin.logentry", "pk": 12, "fields": {"action_time": "2025-05-18T11:01:53.704Z", "user": 1, "content_type": 6, "object_id": "5", "object_repr": "2024 Model X New Vehicle All-Wheel Drive", "action_flag": 1, "change_message": "[{\"added\": {}}, {\"added\": {\"name\": \"product media\", \"object\": \"Media for 2024 Model X New Vehicle All-Wheel Drive\"}}, {\"added\": {\"name\": \"product media\", \"object\": \"Media for 2024 Model X New Vehicle All-Wheel Drive\"}}, {\"added\": {\"name\": \"product media\", \"object\": \"Media for 2024 Model X New Vehicle All-Wheel Drive\"}}, {\"added\": {\"name\": \"product media\", \"object\": \"Media for 2024 Model X New Vehicle All-Wheel Drive\"}}, {\"added\": {\"name\": \"product media\", \"object\": \"Media for 2024 Model X New Vehicle All-Wheel Drive\"}}]"}}, {"model": "admin.logentry", "pk": 13, "fields": {"action_time": "2025-05-18T11:10:12.364Z", "user": 1, "content_type": 6, "object_id": "6", "object_repr": "2024 Demo Vehicle with 1,226 mi | Model X", "action_flag": 1, "change_message": "[{\"added\": {}}, {\"added\": {\"name\": \"product media\", \"object\": \"Media for 2024 Demo Vehicle with 1,226 mi | Model X\"}}, {\"added\": {\"name\": \"product media\", \"object\": \"Media for 2024 Demo Vehicle with 1,226 mi | Model X\"}}, {\"added\": {\"name\": \"product media\", \"object\": \"Media for 2024 Demo Vehicle with 1,226 mi | Model X\"}}, {\"added\": {\"name\": \"product media\", \"object\": \"Media for 2024 Demo Vehicle with 1,226 mi | Model X\"}}, {\"added\": {\"name\": \"product media\", \"object\": \"Media for 2024 Demo Vehicle with 1,226 mi | Model X\"}}]"}}, {"model": "admin.logentry", "pk": 14, "fields": {"action_time": "2025-05-18T11:14:13.284Z", "user": 1, "content_type": 6, "object_id": "7", "object_repr": "2025 Demo Vehicle with 1,220 mi | Model X", "action_flag": 1, "change_message": "[{\"added\": {}}, {\"added\": {\"name\": \"product media\", \"object\": \"Media for 2025 Demo Vehicle with 1,220 mi | Model X\"}}, {\"added\": {\"name\": \"product media\", \"object\": \"Media for 2025 Demo Vehicle with 1,220 mi | Model X\"}}, {\"added\": {\"name\": \"product media\", \"object\": \"Media for 2025 Demo Vehicle with 1,220 mi | Model X\"}}, {\"added\": {\"name\": \"product media\", \"object\": \"Media for 2025 Demo Vehicle with 1,220 mi | Model X\"}}, {\"added\": {\"name\": \"product media\", \"object\": \"Media for 2025 Demo Vehicle with 1,220 mi | Model X\"}}]"}}, {"model": "admin.logentry", "pk": 15, "fields": {"action_time": "2025-05-18T11:20:57.311Z", "user": 1, "content_type": 6, "object_id": "8", "object_repr": "Long Range All-Wheel Drive New Vehicle | Model Y", "action_flag": 1, "change_message": "[{\"added\": {}}, {\"added\": {\"name\": \"product media\", \"object\": \"Media for Long Range All-Wheel Drive New Vehicle | Model Y\"}}, {\"added\": {\"name\": \"product media\", \"object\": \"Media for Long Range All-Wheel Drive New Vehicle | Model Y\"}}, {\"added\": {\"name\": \"product media\", \"object\": \"Media for Long Range All-Wheel Drive New Vehicle | Model Y\"}}, {\"added\": {\"name\": \"product media\", \"object\": \"Media for Long Range All-Wheel Drive New Vehicle | Model Y\"}}, {\"added\": {\"name\": \"product media\", \"object\": \"Media for Long Range All-Wheel Drive New Vehicle | Model Y\"}}]"}}, {"model": "admin.logentry", "pk": 16, "fields": {"action_time": "2025-05-18T11:28:18.441Z", "user": 1, "content_type": 6, "object_id": "9", "object_repr": "Model Y Long Range All-Wheel Drive New Vehicle", "action_flag": 1, "change_message": "[{\"added\": {}}, {\"added\": {\"name\": \"product media\", \"object\": \"Media for Model Y Long Range All-Wheel Drive New Vehicle\"}}, {\"added\": {\"name\": \"product media\", \"object\": \"Media for Model Y Long Range All-Wheel Drive New Vehicle\"}}, {\"added\": {\"name\": \"product media\", \"object\": \"Media for Model Y Long Range All-Wheel Drive New Vehicle\"}}, {\"added\": {\"name\": \"product media\", \"object\": \"Media for Model Y Long Range All-Wheel Drive New Vehicle\"}}, {\"added\": {\"name\": \"product media\", \"object\": \"Media for Model Y Long Range All-Wheel Drive New Vehicle\"}}]"}}, {"model": "admin.logentry", "pk": 17, "fields": {"action_time": "2025-05-18T11:35:54.947Z", "user": 1, "content_type": 6, "object_id": "10", "object_repr": "Cybertruck Vehicle with 177 mi", "action_flag": 1, "change_message": "[{\"added\": {}}, {\"added\": {\"name\": \"product media\", \"object\": \"Media for Cybertruck Vehicle with 177 mi\"}}, {\"added\": {\"name\": \"product media\", \"object\": \"Media for Cybertruck Vehicle with 177 mi\"}}, {\"added\": {\"name\": \"product media\", \"object\": \"Media for Cybertruck Vehicle with 177 mi\"}}, {\"added\": {\"name\": \"product media\", \"object\": \"Media for Cybertruck Vehicle with 177 mi\"}}, {\"added\": {\"name\": \"product media\", \"object\": \"Media for Cybertruck Vehicle with 177 mi\"}}]"}}, {"model": "admin.logentry", "pk": 18, "fields": {"action_time": "2025-05-18T11:41:59.792Z", "user": 1, "content_type": 6, "object_id": "11", "object_repr": "New Cyber Truck All-Wheel Drive", "action_flag": 1, "change_message": "[{\"added\": {}}, {\"added\": {\"name\": \"product media\", \"object\": \"Media for New Cyber Truck All-Wheel Drive\"}}, {\"added\": {\"name\": \"product media\", \"object\": \"Media for New Cyber Truck All-Wheel Drive\"}}, {\"added\": {\"name\": \"product media\", \"object\": \"Media for New Cyber Truck All-Wheel Drive\"}}, {\"added\": {\"name\": \"product media\", \"object\": \"Media for New Cyber Truck All-Wheel Drive\"}}, {\"added\": {\"name\": \"product media\", \"object\": \"Media for New Cyber Truck All-Wheel Drive\"}}]"}}, {"model": "admin.logentry", "pk": 19, "fields": {"action_time": "2025-05-18T11:45:53.202Z", "user": 1, "content_type": 6, "object_id": "12", "object_repr": "2024 Demo Vehicle with 1,181 mi", "action_flag": 1, "change_message": "[{\"added\": {}}, {\"added\": {\"name\": \"product media\", \"object\": \"Media for 2024 Demo Vehicle with 1,181 mi\"}}, {\"added\": {\"name\": \"product media\", \"object\": \"Media for 2024 Demo Vehicle with 1,181 mi\"}}, {\"added\": {\"name\": \"product media\", \"object\": \"Media for 2024 Demo Vehicle with 1,181 mi\"}}, {\"added\": {\"name\": \"product media\", \"object\": \"Media for 2024 Demo Vehicle with 1,181 mi\"}}, {\"added\": {\"name\": \"product media\", \"object\": \"Media for 2024 Demo Vehicle with 1,181 mi\"}}]"}}, {"model": "admin.logentry", "pk": 20, "fields": {"action_time": "2025-05-18T11:49:58.344Z", "user": 1, "content_type": 6, "object_id": "13", "object_repr": "2024 Demo Vehicle with 53 mi | CyberTruck", "action_flag": 1, "change_message": "[{\"added\": {}}, {\"added\": {\"name\": \"product media\", \"object\": \"Media for 2024 Demo Vehicle with 53 mi | CyberTruck\"}}, {\"added\": {\"name\": \"product media\", \"object\": \"Media for 2024 Demo Vehicle with 53 mi | CyberTruck\"}}, {\"added\": {\"name\": \"product media\", \"object\": \"Media for 2024 Demo Vehicle with 53 mi | CyberTruck\"}}, {\"added\": {\"name\": \"product media\", \"object\": \"Media for 2024 Demo Vehicle with 53 mi | CyberTruck\"}}, {\"added\": {\"name\": \"product media\", \"object\": \"Media for 2024 Demo Vehicle with 53 mi | CyberTruck\"}}]"}}, {"model": "admin.logentry", "pk": 21, "fields": {"action_time": "2025-05-18T13:29:03.571Z", "user": 1, "content_type": 6, "object_id": "14", "object_repr": "2024 Demo Vehicle with 1,073 mi | Model S", "action_flag": 1, "change_message": "[{\"added\": {}}, {\"added\": {\"name\": \"product media\", \"object\": \"Media for 2024 Demo Vehicle with 1,073 mi | Model S\"}}, {\"added\": {\"name\": \"product media\", \"object\": \"Media for 2024 Demo Vehicle with 1,073 mi | Model S\"}}, {\"added\": {\"name\": \"product media\", \"object\": \"Media for 2024 Demo Vehicle with 1,073 mi | Model S\"}}, {\"added\": {\"name\": \"product media\", \"object\": \"Media for 2024 Demo Vehicle with 1,073 mi | Model S\"}}, {\"added\": {\"name\": \"product media\", \"object\": \"Media for 2024 Demo Vehicle with 1,073 mi | Model S\"}}]"}}, {"model": "admin.logentry", "pk": 22, "fields": {"action_time": "2025-05-18T13:33:01.371Z", "user": 1, "content_type": 6, "object_id": "15", "object_repr": "Model 3 New Vehicle | Long Range Rear-Wheel Drive", "action_flag": 1, "change_message": "[{\"added\": {}}, {\"added\": {\"name\": \"product media\", \"object\": \"Media for Model 3 New Vehicle | Long Range Rear-Wheel Drive\"}}, {\"added\": {\"name\": \"product media\", \"object\": \"Media for Model 3 New Vehicle | Long Range Rear-Wheel Drive\"}}, {\"added\": {\"name\": \"product media\", \"object\": \"Media for Model 3 New Vehicle | Long Range Rear-Wheel Drive\"}}, {\"added\": {\"name\": \"product media\", \"object\": \"Media for Model 3 New Vehicle | Long Range Rear-Wheel Drive\"}}, {\"added\": {\"name\": \"product media\", \"object\": \"Media for Model 3 New Vehicle | Long Range Rear-Wheel Drive\"}}]"}}, {"model": "admin.logentry", "pk": 23, "fields": {"action_time": "2025-05-18T13:36:30.516Z", "user": 1, "content_type": 6, "object_id": "16", "object_repr": "ong Range Rear-Wheel Drive  Vehicle with 928 mi", "action_flag": 1, "change_message": "[{\"added\": {}}, {\"added\": {\"name\": \"product media\", \"object\": \"Media for ong Range Rear-Wheel Drive  Vehicle with 928 mi\"}}, {\"added\": {\"name\": \"product media\", \"object\": \"Media for ong Range Rear-Wheel Drive  Vehicle with 928 mi\"}}, {\"added\": {\"name\": \"product media\", \"object\": \"Media for ong Range Rear-Wheel Drive  Vehicle with 928 mi\"}}, {\"added\": {\"name\": \"product media\", \"object\": \"Media for ong Range Rear-Wheel Drive  Vehicle with 928 mi\"}}, {\"added\": {\"name\": \"product media\", \"object\": \"Media for ong Range Rear-Wheel Drive  Vehicle with 928 mi\"}}]"}}, {"model": "auth.permission", "pk": 1, "fields": {"name": "Can add log entry", "content_type": 1, "codename": "add_logentry"}}, {"model": "auth.permission", "pk": 2, "fields": {"name": "Can change log entry", "content_type": 1, "codename": "change_logentry"}}, {"model": "auth.permission", "pk": 3, "fields": {"name": "Can delete log entry", "content_type": 1, "codename": "delete_logentry"}}, {"model": "auth.permission", "pk": 4, "fields": {"name": "Can view log entry", "content_type": 1, "codename": "view_logentry"}}, {"model": "auth.permission", "pk": 5, "fields": {"name": "Can add permission", "content_type": 2, "codename": "add_permission"}}, {"model": "auth.permission", "pk": 6, "fields": {"name": "Can change permission", "content_type": 2, "codename": "change_permission"}}, {"model": "auth.permission", "pk": 7, "fields": {"name": "Can delete permission", "content_type": 2, "codename": "delete_permission"}}, {"model": "auth.permission", "pk": 8, "fields": {"name": "Can view permission", "content_type": 2, "codename": "view_permission"}}, {"model": "auth.permission", "pk": 9, "fields": {"name": "Can add group", "content_type": 3, "codename": "add_group"}}, {"model": "auth.permission", "pk": 10, "fields": {"name": "Can change group", "content_type": 3, "codename": "change_group"}}, {"model": "auth.permission", "pk": 11, "fields": {"name": "Can delete group", "content_type": 3, "codename": "delete_group"}}, {"model": "auth.permission", "pk": 12, "fields": {"name": "Can view group", "content_type": 3, "codename": "view_group"}}, {"model": "auth.permission", "pk": 13, "fields": {"name": "Can add content type", "content_type": 4, "codename": "add_contenttype"}}, {"model": "auth.permission", "pk": 14, "fields": {"name": "Can change content type", "content_type": 4, "codename": "change_contenttype"}}, {"model": "auth.permission", "pk": 15, "fields": {"name": "Can delete content type", "content_type": 4, "codename": "delete_contenttype"}}, {"model": "auth.permission", "pk": 16, "fields": {"name": "Can view content type", "content_type": 4, "codename": "view_contenttype"}}, {"model": "auth.permission", "pk": 17, "fields": {"name": "Can add session", "content_type": 5, "codename": "add_session"}}, {"model": "auth.permission", "pk": 18, "fields": {"name": "Can change session", "content_type": 5, "codename": "change_session"}}, {"model": "auth.permission", "pk": 19, "fields": {"name": "Can delete session", "content_type": 5, "codename": "delete_session"}}, {"model": "auth.permission", "pk": 20, "fields": {"name": "Can view session", "content_type": 5, "codename": "view_session"}}, {"model": "auth.permission", "pk": 21, "fields": {"name": "Can add car", "content_type": 6, "codename": "add_car"}}, {"model": "auth.permission", "pk": 22, "fields": {"name": "Can change car", "content_type": 6, "codename": "change_car"}}, {"model": "auth.permission", "pk": 23, "fields": {"name": "Can delete car", "content_type": 6, "codename": "delete_car"}}, {"model": "auth.permission", "pk": 24, "fields": {"name": "Can view car", "content_type": 6, "codename": "view_car"}}, {"model": "auth.permission", "pk": 25, "fields": {"name": "Can add category", "content_type": 7, "codename": "add_category"}}, {"model": "auth.permission", "pk": 26, "fields": {"name": "Can change category", "content_type": 7, "codename": "change_category"}}, {"model": "auth.permission", "pk": 27, "fields": {"name": "Can delete category", "content_type": 7, "codename": "delete_category"}}, {"model": "auth.permission", "pk": 28, "fields": {"name": "Can view category", "content_type": 7, "codename": "view_category"}}, {"model": "auth.permission", "pk": 29, "fields": {"name": "Can add product media", "content_type": 8, "codename": "add_productmedia"}}, {"model": "auth.permission", "pk": 30, "fields": {"name": "Can change product media", "content_type": 8, "codename": "change_productmedia"}}, {"model": "auth.permission", "pk": 31, "fields": {"name": "Can delete product media", "content_type": 8, "codename": "delete_productmedia"}}, {"model": "auth.permission", "pk": 32, "fields": {"name": "Can view product media", "content_type": 8, "codename": "view_productmedia"}}, {"model": "auth.permission", "pk": 33, "fields": {"name": "Can add Accounts", "content_type": 9, "codename": "add_customer"}}, {"model": "auth.permission", "pk": 34, "fields": {"name": "Can change Accounts", "content_type": 9, "codename": "change_customer"}}, {"model": "auth.permission", "pk": 35, "fields": {"name": "Can delete Accounts", "content_type": 9, "codename": "delete_customer"}}, {"model": "auth.permission", "pk": 36, "fields": {"name": "Can view Accounts", "content_type": 9, "codename": "view_customer"}}, {"model": "auth.permission", "pk": 37, "fields": {"name": "Can add order", "content_type": 10, "codename": "add_order"}}, {"model": "auth.permission", "pk": 38, "fields": {"name": "Can change order", "content_type": 10, "codename": "change_order"}}, {"model": "auth.permission", "pk": 39, "fields": {"name": "Can delete order", "content_type": 10, "codename": "delete_order"}}, {"model": "auth.permission", "pk": 40, "fields": {"name": "Can view order", "content_type": 10, "codename": "view_order"}}, {"model": "contenttypes.contenttype", "pk": 1, "fields": {"app_label": "admin", "model": "logentry"}}, {"model": "contenttypes.contenttype", "pk": 2, "fields": {"app_label": "auth", "model": "permission"}}, {"model": "contenttypes.contenttype", "pk": 3, "fields": {"app_label": "auth", "model": "group"}}, {"model": "contenttypes.contenttype", "pk": 4, "fields": {"app_label": "contenttypes", "model": "contenttype"}}, {"model": "contenttypes.contenttype", "pk": 5, "fields": {"app_label": "sessions", "model": "session"}}, {"model": "contenttypes.contenttype", "pk": 6, "fields": {"app_label": "store", "model": "car"}}, {"model": "contenttypes.contenttype", "pk": 7, "fields": {"app_label": "store", "model": "category"}}, {"model": "contenttypes.contenttype", "pk": 8, "fields": {"app_label": "store", "model": "productmedia"}}, {"model": "contenttypes.contenttype", "pk": 9, "fields": {"app_label": "account", "model": "customer"}}, {"model": "contenttypes.contenttype", "pk": 10, "fields": {"app_label": "order", "model": "order"}}, {"model": "sessions.session", "pk": "pwrxnhfja0c1as5uiksmn73ht8g740lt", "fields": {"session_data": ".eJxVjEEOwiAQRe_C2pAB20Jduu8ZyAwzSNVAUtqV8e7apAvd_vfef6mA25rD1mQJM6uLMur0uxHGh5Qd8B3LrepYy7rMpHdFH7TpqbI8r4f7d5Cx5W9NBOOZnBeMYHqJzoBhNOgxiWdJfTcmtADMCENn2VnnXRL2zEN0SOr9AQceORU:1uGbrq:z12ZNRxskUwWNqM2_kgccN_oIHNr0i2-ix8Dc9Ar3M8", "expire_date": "2025-06-01T11:07:42.918Z"}}, {"model": "store.category", "pk": 1, "fields": {"name": "Model S", "slug": "model-s"}}, {"model": "store.category", "pk": 2, "fields": {"name": "Model Y", "slug": "model-y"}}, {"model": "store.category", "pk": 3, "fields": {"name": "Model 3", "slug": "model-3"}}, {"model": "store.category", "pk": 4, "fields": {"name": "Cybertruck", "slug": "cybertruck"}}, {"model": "store.category", "pk": 5, "fields": {"name": "Model X", "slug": "model-x"}}, {"model": "store.car", "pk": 1, "fields": {"category": 1, "title": "2024 New Model S Vehicle with 1,230 miles", "description": "All-Wheel Drive\r\n$74,990\r\n2024 Demo Vehicle with 1,230 mi\r\n-$9,500 Price Adjustment\r\nUltra Red Paint\r\n19\" Tempest Wheels\r\nBlack and White Premium Interior with Walnut Décor\r\nSteering Wheel\r\nFree Supercharging", "car_range": "402mi Range (est.)", "top_speed": "130mph Top Speed", "peak_power": "3.1sec 0-60 mph", "price": "74990.00", "miles": "1,230 Miles", "is_on_promo": true, "is_new": true, "year": "2024", "color": "Ultra Red Paint", "doors": "4 doors", "slug": "2024-new-model-s-vehicle-with-1230-miles"}}, {"model": "store.car", "pk": 2, "fields": {"category": 1, "title": "Model S Demo Vehicle with 1,928 mi", "description": "All-Wheel Drive\r\n$77,470\r\nDemo Vehicle with 1,928 mi\r\n-$4,020 Price Adjustment\r\nDeep Blue Metallic Paint\r\n19\" Tempest Wheels\r\nAll Black Premium Interior with Ebony Décor\r\nSteering Wheel\r\nFree Supercharging", "car_range": "410mi Range (EPA est.)", "top_speed": "130mph Top Speed", "peak_power": "3.1sec 0-60 mph", "price": "77470.00", "miles": "1.928 mi", "is_on_promo": true, "is_new": true, "year": "2025", "color": "Deep Blue Metallic Paint", "doors": "4 Doors", "slug": "model-s-demo-vehicle-with-1928-mi"}}, {"model": "store.car", "pk": 3, "fields": {"category": 3, "title": "Long Range Rear-Wheel New Model 3 Vehicle", "description": "Long Range Rear-Wheel Drive\r\n$34,210\r\nRepaired Demo Vehicle with 5 mi\r\n-$1,780 Price Adjustment\r\nPearl White Paint\r\n18’’ Photon Wheels\r\nBlack Premium Interior", "car_range": "363mi Range (EPA est.)", "top_speed": "125mph Top Speed", "peak_power": "4.9sec 0-60 mph", "price": "34210.00", "miles": "5 miles", "is_on_promo": true, "is_new": true, "year": "2025", "color": "Pearl White Paint", "doors": "4 Doors", "slug": "long-range-rear-wheel-new-model-3-vehicle"}}, {"model": "store.car", "pk": 4, "fields": {"category": 3, "title": "Long Range Rear-Wheel Drive Model 3 New Vehicle", "description": "Long Range Rear-Wheel Drive\r\n$35,990\r\nNew Vehicle\r\nStealth Grey Paint\r\n18’’ Photon Wheels\r\nBlack and White Premium Interior", "car_range": "363mi Range (EPA est.)", "top_speed": "125mph Top Speed", "peak_power": "4.9sec 0-60 mph", "price": "35990.00", "miles": "4 Miles", "is_on_promo": true, "is_new": true, "year": "2025", "color": "Stealth Grey Paint", "doors": "4 doors", "slug": "long-range-rear-wheel-drive-model-3-new-vehicle"}}, {"model": "store.car", "pk": 5, "fields": {"category": 5, "title": "2024 Model X New Vehicle All-Wheel Drive", "description": "All-Wheel Drive\r\n$82,790\r\n2024 New Vehicle\r\n-$9,200 Price Adjustment\r\nSolid Black Paint\r\n22'' Turbine Wheels\r\nAll Black Premium Interior with Ebony Décor\r\nFive Seat Interior\r\nSteering Wheel\r\nFree Supercharging\r\nTow Package", "car_range": "322mi Range (EPA est.)", "top_speed": "155mph Top Speed", "peak_power": "3.8sec 0-60 mph", "price": "82790.00", "miles": "0 Miles", "is_on_promo": true, "is_new": true, "year": "2024", "color": "Solid Black Paint", "doors": "4 Doors", "slug": "2024-model-x-new-vehicle-all-wheel-drive"}}, {"model": "store.car", "pk": 6, "fields": {"category": 5, "title": "2024 Demo Vehicle with 1,226 mi | Model X", "description": "-$4,950 Price Adjustment\r\nUltra Red Paint\r\n20'' Cyberstream Wheels\r\nBlack and White Premium Interior with Walnut Décor\r\nFive Seat Interior\r\nSteering Wheel\r\nFree Supercharging\r\nTow Package", "car_range": "329mi Range (EPA est.)", "top_speed": "149mph Top Speed", "peak_power": "3.8sec 0-60 mph", "price": "84540.00", "miles": "1226 Miles", "is_on_promo": false, "is_new": true, "year": "2024", "color": "Ultra Red Paint", "doors": "4 Doors", "slug": "2024-demo-vehicle-with-1226-mi-model-x"}}, {"model": "store.car", "pk": 7, "fields": {"category": 5, "title": "2025 Demo Vehicle with 1,220 mi | Model X", "description": "All-Wheel Drive\r\n$84,750\r\nDemo Vehicle with 1,220 mi\r\n-$3,740 Price Adjustment\r\nDeep Blue Metallic Paint\r\n20'' Cyberstream Wheels\r\nBlack and White Premium Interior with Walnut Décor\r\nFive Seat Interior\r\nSteering Wheel\r\nFree Supercharging\r\nTow Package", "car_range": "329mi Range (EPA est.)", "top_speed": "149mph Top Speed", "peak_power": "3.8sec 0-60 mph", "price": "84750.00", "miles": "1220 Miles", "is_on_promo": true, "is_new": true, "year": "2025", "color": "Deep Blue Metallic Paint", "doors": "Deep Blue Metallic Paint", "slug": "2025-demo-vehicle-with-1220-mi-model-x"}}, {"model": "store.car", "pk": 8, "fields": {"category": 2, "title": "Long Range All-Wheel Drive New Vehicle | Model Y", "description": "Long Range All-Wheel Drive\r\n$41,490\r\nNew Vehicle\r\nStealth Grey Paint\r\n19’’ Crossflow Wheels\r\nAll Black Premium Interior\r\nFive Seat Interior", "car_range": "327mi Range (EPA est.)", "top_speed": "125mph Top Speed", "peak_power": "4.6sec 0-60 mph", "price": "41490.00", "miles": "0 Miles", "is_on_promo": true, "is_new": true, "year": "2024", "color": "Stealth Grey Paint", "doors": "4 doors", "slug": "long-range-all-wheel-drive-new-vehicle-model-y"}}, {"model": "store.car", "pk": 9, "fields": {"category": 2, "title": "Model Y Long Range All-Wheel Drive New Vehicle", "description": "Long Range All-Wheel Drive\r\n$42,490\r\nNew Vehicle\r\nPearl White Paint\r\n19’’ Crossflow Wheels\r\nAll Black Premium Interior\r\nFive Seat Interior", "car_range": "327mi Range (EPA est.)", "top_speed": "125mph Top Speed", "peak_power": "4.6sec 0-60 mph", "price": "42490.00", "miles": "0 Miles", "is_on_promo": true, "is_new": true, "year": "2025", "color": "White with All Black Premium Interior", "doors": "4 Doors", "slug": "model-y-long-range-all-wheel-drive-new-vehicle"}}, {"model": "store.car", "pk": 10, "fields": {"category": 4, "title": "Cybertruck Vehicle with 177 mi", "description": "All-Wheel Drive\r\n$72,350\r\nDemo Vehicle with 177 mi\r\n-$140 Price Adjustment\r\n20\" Core Wheels with 35\" Tires\r\nTactical Grey Décor", "car_range": "325mi Range (est.)", "top_speed": "11,000lbs Towing capacity", "peak_power": "4.1sec 0-60 mph", "price": "72350.00", "miles": "177  MIles", "is_on_promo": true, "is_new": true, "year": "2024", "color": "Stealth Grey Paint", "doors": "4 Doors", "slug": "cybertruck-vehicle-with-177-mi"}}, {"model": "store.car", "pk": 11, "fields": {"category": 4, "title": "New Cyber Truck All-Wheel Drive", "description": "All-Wheel Drive\r\n$72,490\r\nNew Vehicle\r\n20\" Core Wheels with 35\" Tires\r\nTactical Grey Décor", "car_range": "325mi Range (est.)", "top_speed": "11,000lbs Towing capacity", "peak_power": "4.1sec 0-60 mph", "price": "72490.00", "miles": "0 Miles", "is_on_promo": true, "is_new": true, "year": "2025", "color": "Tactical Grey Décor", "doors": "4 Doors", "slug": "new-cyber-truck-all-wheel-drive"}}, {"model": "store.car", "pk": 12, "fields": {"category": 4, "title": "2024 Demo Vehicle with 1,181 mi", "description": "All-Wheel Drive\r\n$76,940\r\n2024 Demo Vehicle with 1,181 mi\r\n-$8,550 Price Adjustment\r\n20\" Cyber Wheels with 35\" Tires\r\nWhite Décor", "car_range": "314mi Range (est.)", "top_speed": "11,000lbs Towing capacity", "peak_power": "4.1sec 0-60 mph", "price": "76940.00", "miles": "1181", "is_on_promo": true, "is_new": true, "year": "2024", "color": "White Décor", "doors": "4 Doors", "slug": "2024-demo-vehicle-with-1181-mi"}}, {"model": "store.car", "pk": 13, "fields": {"category": 4, "title": "2024 Demo Vehicle with 53 mi | CyberTruck", "description": "All-Wheel Drive\r\n$76,940\r\n2024 Demo Vehicle with 53 mi\r\n-$8,550 Price Adjustment\r\n20\" Cyber Wheels with 35\" Tires\r\nWhite Décor", "car_range": "314mi Range (est.)", "top_speed": "11,000lbs Towing capacity", "peak_power": "4.1sec 0-60 mph", "price": "79860.00", "miles": "53 Miles", "is_on_promo": false, "is_new": true, "year": "2024", "color": "White Décor", "doors": "4 Doors", "slug": "2024-demo-vehicle-with-53-mi-cybertruck"}}, {"model": "store.car", "pk": 14, "fields": {"category": 1, "title": "2024 Demo Vehicle with 1,073 mi | Model S", "description": "All-Wheel Drive\r\n$72,990\r\n2024 Demo Vehicle with 1,073 mi\r\n-$9,500 Price Adjustment\r\nLunar Silver Paint\r\n19\" Tempest Wheels\r\nAll Black Premium Interior with Ebony Décor\r\nSteering Wheel\r\nFree Supercharging", "car_range": "402mi Range (est.", "top_speed": "130mph Top Speed", "peak_power": "3.1sec 0-60 mph", "price": "72990.00", "miles": "1,073 miles", "is_on_promo": false, "is_new": true, "year": "2024", "color": "Lunar Silver Paint", "doors": "4 Doors", "slug": "2024-demo-vehicle-with-1073-mi-model-s"}}, {"model": "store.car", "pk": 15, "fields": {"category": 3, "title": "Model 3 New Vehicle | Long Range Rear-Wheel Drive", "description": "Long Range Rear-Wheel Drive\r\n$36,490\r\nNew Vehicle\r\nDiamond Black Paint\r\n18’’ Photon Wheels\r\nBlack Premium Interior", "car_range": "363mi Range (EPA est.)", "top_speed": "125mph Top Speed", "peak_power": "4.9sec 0-60 mph", "price": "36490.00", "miles": "0 Miles", "is_on_promo": false, "is_new": true, "year": "2025", "color": "Diamond Black Paint", "doors": "4 Doors", "slug": "model-3-new-vehicle-long-range-rear-wheel-drive"}}, {"model": "store.car", "pk": 16, "fields": {"category": 3, "title": "ong Range Rear-Wheel Drive  Vehicle with 928 mi", "description": "Long Range Rear-Wheel Drive\r\n$36,310\r\nDemo Vehicle with 928 mi\r\n-$680 Price Adjustment\r\nUltra Red Paint\r\n18’’ Photon Wheels\r\nBlack Premium Interior", "car_range": "363mi Range (EPA est.)", "top_speed": "125mph Top Speed", "peak_power": "4.9sec 0-60 mph", "price": "36310.00", "miles": "928 miles", "is_on_promo": true, "is_new": true, "year": "2024", "color": "Ultra Red Paint", "doors": "4 Doors", "slug": "ong-range-rear-wheel-drive-vehicle-with-928-mi"}}, {"model": "store.productmedia", "pk": 1, "fields": {"product": 1, "image": "image/upload/v1747564439/afps3qwn1jbtzzveqb3s.jpg", "alt_text": "Model s tesla", "is_featured": true}}, {"model": "store.productmedia", "pk": 2, "fields": {"product": 1, "image": "image/upload/v1747564502/wwyzzkjhjzvecxnf2a1q.jpg", "alt_text": "model s tesla 2", "is_featured": false}}, {"model": "store.productmedia", "pk": 3, "fields": {"product": 1, "image": "image/upload/v1747564503/kicgzulghdprtgsmj64p.jpg", "alt_text": "model s tesla 3", "is_featured": false}}, {"model": "store.productmedia", "pk": 4, "fields": {"product": 1, "image": "image/upload/v1747564504/jc8hn4bu70aqfphhve3q.jpg", "alt_text": "model s tesla 4", "is_featured": false}}, {"model": "store.productmedia", "pk": 5, "fields": {"product": 2, "image": "image/upload/v1747565280/qgy5yeekdvm1pot2xrdo.jpg", "alt_text": "Model S", "is_featured": true}}, {"model": "store.productmedia", "pk": 6, "fields": {"product": 2, "image": "image/upload/v1747565280/bspnhxrois2od3rtm5bz.jpg", "alt_text": "Model S", "is_featured": false}}, {"model": "store.productmedia", "pk": 7, "fields": {"product": 2, "image": "image/upload/v1747565281/sab3gixkg0qvzjextyfi.jpg", "alt_text": "Model S", "is_featured": false}}, {"model": "store.productmedia", "pk": 8, "fields": {"product": 2, "image": "image/upload/v1747565281/n9eg1py3cnsnqqdmrhzc.jpg", "alt_text": "Model S", "is_featured": false}}, {"model": "store.productmedia", "pk": 9, "fields": {"product": 2, "image": "image/upload/v1747565282/aeaxiii19dzszawgnm7s.jpg", "alt_text": "Model S", "is_featured": false}}, {"model": "store.productmedia", "pk": 10, "fields": {"product": 3, "image": "image/upload/v1747565642/cj4iylszy2bgq8nxlqm2.jpg", "alt_text": "", "is_featured": true}}, {"model": "store.productmedia", "pk": 11, "fields": {"product": 3, "image": "image/upload/v1747565643/avzjwm8gzmpvudsqnbpk.jpg", "alt_text": "", "is_featured": false}}, {"model": "store.productmedia", "pk": 12, "fields": {"product": 3, "image": "image/upload/v1747565643/jsrnxznnajnjpdr8ea0y.jpg", "alt_text": "", "is_featured": false}}, {"model": "store.productmedia", "pk": 13, "fields": {"product": 3, "image": "image/upload/v1747565643/qsdfv1jar0j4nza43fmq.jpg", "alt_text": "", "is_featured": false}}, {"model": "store.productmedia", "pk": 14, "fields": {"product": 3, "image": "image/upload/v1747565644/yyzf2r5wedisxp0klidr.jpg", "alt_text": "", "is_featured": false}}, {"model": "store.productmedia", "pk": 15, "fields": {"product": 4, "image": "image/upload/v1747565869/rdxalwrkjeenkibciodb.jpg", "alt_text": "", "is_featured": true}}, {"model": "store.productmedia", "pk": 16, "fields": {"product": 4, "image": "image/upload/v1747565870/yihzp38kagujzfuo7y90.jpg", "alt_text": "", "is_featured": false}}, {"model": "store.productmedia", "pk": 17, "fields": {"product": 4, "image": "image/upload/v1747565870/hv8wgvvgo3gomqm7js37.jpg", "alt_text": "", "is_featured": false}}, {"model": "store.productmedia", "pk": 18, "fields": {"product": 4, "image": "image/upload/v1747565870/feyko9v0ipy8lamupyge.jpg", "alt_text": "", "is_featured": false}}, {"model": "store.productmedia", "pk": 19, "fields": {"product": 4, "image": "image/upload/v1747565871/vseayxeayalzhi61mp86.jpg", "alt_text": "", "is_featured": false}}, {"model": "store.productmedia", "pk": 20, "fields": {"product": 5, "image": "image/upload/v1747566111/f1nnfs0g1ddidf8gyzwk.jpg", "alt_text": "", "is_featured": true}}, {"model": "store.productmedia", "pk": 21, "fields": {"product": 5, "image": "image/upload/v1747566112/bbnfmn6lzcrzsziavoq4.jpg", "alt_text": "", "is_featured": false}}, {"model": "store.productmedia", "pk": 22, "fields": {"product": 5, "image": "image/upload/v1747566112/lpebq7hmg4unouzgozhx.jpg", "alt_text": "", "is_featured": false}}, {"model": "store.productmedia", "pk": 23, "fields": {"product": 5, "image": "image/upload/v1747566112/odztirklceqcuhehtbez.jpg", "alt_text": "", "is_featured": false}}, {"model": "store.productmedia", "pk": 24, "fields": {"product": 5, "image": "image/upload/v1747566113/k7to3qwf7likhfki8lgh.jpg", "alt_text": "", "is_featured": false}}, {"model": "store.productmedia", "pk": 25, "fields": {"product": 6, "image": "image/upload/v1747566610/cw892cadyhkaeamityhx.jpg", "alt_text": "", "is_featured": true}}, {"model": "store.productmedia", "pk": 26, "fields": {"product": 6, "image": "image/upload/v1747566610/sbgmtke5wmz497ztegj4.jpg", "alt_text": "", "is_featured": false}}, {"model": "store.productmedia", "pk": 27, "fields": {"product": 6, "image": "image/upload/v1747566611/p4acfdvj4tvc0jvkktdl.jpg", "alt_text": "", "is_featured": false}}, {"model": "store.productmedia", "pk": 28, "fields": {"product": 6, "image": "image/upload/v1747566611/zk7ftx2koo1stpbctsia.jpg", "alt_text": "", "is_featured": false}}, {"model": "store.productmedia", "pk": 29, "fields": {"product": 6, "image": "image/upload/v1747566612/ye6da91pbisrwjn4yo3h.jpg", "alt_text": "", "is_featured": false}}, {"model": "store.productmedia", "pk": 30, "fields": {"product": 7, "image": "image/upload/v1747566851/agf791dglz5raemdwffw.jpg", "alt_text": "", "is_featured": true}}, {"model": "store.productmedia", "pk": 31, "fields": {"product": 7, "image": "image/upload/v1747566851/beoufpjipctkph9xsghd.jpg", "alt_text": "", "is_featured": false}}, {"model": "store.productmedia", "pk": 32, "fields": {"product": 7, "image": "image/upload/v1747566852/ewzbm9oiqlxu5lclv32z.jpg", "alt_text": "", "is_featured": false}}, {"model": "store.productmedia", "pk": 33, "fields": {"product": 7, "image": "image/upload/v1747566852/peltktmiydv2nncgzxmh.jpg", "alt_text": "", "is_featured": false}}, {"model": "store.productmedia", "pk": 34, "fields": {"product": 7, "image": "image/upload/v1747566852/esfv328kxncsfew73hpb.jpg", "alt_text": "", "is_featured": false}}, {"model": "store.productmedia", "pk": 35, "fields": {"product": 8, "image": "image/upload/v1747567255/upv30djquddmumlcyl9c.jpg", "alt_text": "", "is_featured": true}}, {"model": "store.productmedia", "pk": 36, "fields": {"product": 8, "image": "image/upload/v1747567255/z8oid93orooqnonvbnqe.jpg", "alt_text": "", "is_featured": false}}, {"model": "store.productmedia", "pk": 37, "fields": {"product": 8, "image": "image/upload/v1747567256/bzcwwjun0einnpb3kocl.jpg", "alt_text": "", "is_featured": false}}, {"model": "store.productmedia", "pk": 38, "fields": {"product": 8, "image": "image/upload/v1747567256/nfyxevkmsmbzab8ikgrg.jpg", "alt_text": "", "is_featured": false}}, {"model": "store.productmedia", "pk": 39, "fields": {"product": 8, "image": "image/upload/v1747567256/us38ax1yig09j8njletn.jpg", "alt_text": "", "is_featured": false}}, {"model": "store.productmedia", "pk": 40, "fields": {"product": 9, "image": "image/upload/v1747567696/xpsxlwwlemo25w5e2xyu.jpg", "alt_text": "", "is_featured": true}}, {"model": "store.productmedia", "pk": 41, "fields": {"product": 9, "image": "image/upload/v1747567696/s4cut5zxxolgaw0lgs2j.jpg", "alt_text": "", "is_featured": false}}, {"model": "store.productmedia", "pk": 42, "fields": {"product": 9, "image": "image/upload/v1747567697/ysb3tw7tn4grdfe834p4.jpg", "alt_text": "", "is_featured": false}}, {"model": "store.productmedia", "pk": 43, "fields": {"product": 9, "image": "image/upload/v1747567697/q1nwm43hmul33sishbjq.jpg", "alt_text": "", "is_featured": false}}, {"model": "store.productmedia", "pk": 44, "fields": {"product": 9, "image": "image/upload/v1747567698/wzjsq0e5k8azxxuvucpj.jpg", "alt_text": "", "is_featured": false}}, {"model": "store.productmedia", "pk": 45, "fields": {"product": 10, "image": "image/upload/v1747568152/mll2e2x233lbjxfnj3u6.jpg", "alt_text": "", "is_featured": true}}, {"model": "store.productmedia", "pk": 46, "fields": {"product": 10, "image": "image/upload/v1747568153/smwo1ltagcyhrnjdat3x.jpg", "alt_text": "", "is_featured": false}}, {"model": "store.productmedia", "pk": 47, "fields": {"product": 10, "image": "image/upload/v1747568153/i4faclz82tvu8xfqoxiu.jpg", "alt_text": "", "is_featured": false}}, {"model": "store.productmedia", "pk": 48, "fields": {"product": 10, "image": "image/upload/v1747568154/xbrrla1v43ey1kqnecu6.jpg", "alt_text": "", "is_featured": false}}, {"model": "store.productmedia", "pk": 49, "fields": {"product": 10, "image": "image/upload/v1747568154/veq1wqws8lppola6q071.png", "alt_text": "", "is_featured": false}}, {"model": "store.productmedia", "pk": 50, "fields": {"product": 11, "image": "image/upload/v1747568517/o4wqzfcdkfbuhinokvjk.jpg", "alt_text": "", "is_featured": true}}, {"model": "store.productmedia", "pk": 51, "fields": {"product": 11, "image": "image/upload/v1747568517/hyqcvtwxhryjp50zmm5q.jpg", "alt_text": "", "is_featured": false}}, {"model": "store.productmedia", "pk": 52, "fields": {"product": 11, "image": "image/upload/v1747568518/qu7c59hkzbmwimdw0yzd.jpg", "alt_text": "", "is_featured": false}}, {"model": "store.productmedia", "pk": 53, "fields": {"product": 11, "image": "image/upload/v1747568518/ju8t27zi5esiu3cucorb.jpg", "alt_text": "", "is_featured": false}}, {"model": "store.productmedia", "pk": 54, "fields": {"product": 11, "image": "image/upload/v1747568519/h4ekz3yia5o3k0kciehw.png", "alt_text": "", "is_featured": false}}, {"model": "store.productmedia", "pk": 55, "fields": {"product": 12, "image": "image/upload/v1747568751/xsq1hkkjdai2kmz94c8d.jpg", "alt_text": "", "is_featured": true}}, {"model": "store.productmedia", "pk": 56, "fields": {"product": 12, "image": "image/upload/v1747568751/s4b0vmrdifmhiv5efzr3.jpg", "alt_text": "", "is_featured": false}}, {"model": "store.productmedia", "pk": 57, "fields": {"product": 12, "image": "image/upload/v1747568752/mp4l1vfghldgjnctgbqx.jpg", "alt_text": "", "is_featured": false}}, {"model": "store.productmedia", "pk": 58, "fields": {"product": 12, "image": "image/upload/v1747568752/qhvtqiblui92u3dn0mrx.png", "alt_text": "", "is_featured": false}}, {"model": "store.productmedia", "pk": 59, "fields": {"product": 12, "image": "image/upload/v1747568752/h5zs80r8g27urgkhaffl.jpg", "alt_text": "", "is_featured": false}}, {"model": "store.productmedia", "pk": 60, "fields": {"product": 13, "image": "image/upload/v1747568996/xbo6rzge7irhflez7e0l.jpg", "alt_text": "", "is_featured": true}}, {"model": "store.productmedia", "pk": 61, "fields": {"product": 13, "image": "image/upload/v1747568996/d3ebia0dbosd5mxdkes3.jpg", "alt_text": "", "is_featured": false}}, {"model": "store.productmedia", "pk": 62, "fields": {"product": 13, "image": "image/upload/v1747568997/lb3o3aiawmrthukxqeas.jpg", "alt_text": "", "is_featured": false}}, {"model": "store.productmedia", "pk": 63, "fields": {"product": 13, "image": "image/upload/v1747568997/pywbnkguisxufrttx0pl.png", "alt_text": "", "is_featured": false}}, {"model": "store.productmedia", "pk": 64, "fields": {"product": 13, "image": "image/upload/v1747568997/tatjrlezf970yny0hnfa.jpg", "alt_text": "", "is_featured": false}}, {"model": "store.productmedia", "pk": 65, "fields": {"product": 14, "image": "image/upload/v1747574941/vfjrh6lf1velbuzvlstp.jpg", "alt_text": "", "is_featured": false}}, {"model": "store.productmedia", "pk": 66, "fields": {"product": 14, "image": "image/upload/v1747574942/l20ua0pk0t51vo9imua6.jpg", "alt_text": "", "is_featured": false}}, {"model": "store.productmedia", "pk": 67, "fields": {"product": 14, "image": "image/upload/v1747574942/qmufnwjiz8asuttrmedu.jpg", "alt_text": "", "is_featured": false}}, {"model": "store.productmedia", "pk": 68, "fields": {"product": 14, "image": "image/upload/v1747574942/kdqck7vq3y6iucu6emhq.jpg", "alt_text": "", "is_featured": false}}, {"model": "store.productmedia", "pk": 69, "fields": {"product": 14, "image": "image/upload/v1747574943/zxrwh31s1mh0sks5mzdg.jpg", "alt_text": "", "is_featured": true}}, {"model": "store.productmedia", "pk": 70, "fields": {"product": 15, "image": "image/upload/v1747575178/epze7usxcnhauey4q2tr.jpg", "alt_text": "", "is_featured": true}}, {"model": "store.productmedia", "pk": 71, "fields": {"product": 15, "image": "image/upload/v1747575179/f7mvhijetwihur8xnyxs.jpg", "alt_text": "", "is_featured": false}}, {"model": "store.productmedia", "pk": 72, "fields": {"product": 15, "image": "image/upload/v1747575180/fvnkcj9edj9xxlba0hrs.jpg", "alt_text": "", "is_featured": false}}, {"model": "store.productmedia", "pk": 73, "fields": {"product": 15, "image": "image/upload/v1747575180/btdwnuyfnf8btce3up8e.jpg", "alt_text": "", "is_featured": false}}, {"model": "store.productmedia", "pk": 74, "fields": {"product": 15, "image": "image/upload/v1747575180/hmvndmax9om50sklu19n.jpg", "alt_text": "", "is_featured": false}}, {"model": "store.productmedia", "pk": 75, "fields": {"product": 16, "image": "image/upload/v1747575388/fu1rp3mw06bd1hkifhhc.jpg", "alt_text": "", "is_featured": true}}, {"model": "store.productmedia", "pk": 76, "fields": {"product": 16, "image": "image/upload/v1747575388/bz7awtz4uuzpapadr7hl.jpg", "alt_text": "", "is_featured": false}}, {"model": "store.productmedia", "pk": 77, "fields": {"product": 16, "image": "image/upload/v1747575389/nwbqzapxit3bqaoluaaf.jpg", "alt_text": "", "is_featured": false}}, {"model": "store.productmedia", "pk": 78, "fields": {"product": 16, "image": "image/upload/v1747575389/s58jvqsp2gvntb2yt2wx.jpg", "alt_text": "", "is_featured": false}}, {"model": "store.productmedia", "pk": 79, "fields": {"product": 16, "image": "image/upload/v1747575390/jzdf8p9fjlzgvgj45j0k.jpg", "alt_text": "", "is_featured": false}}, {"model": "account.customer", "pk": 1, "fields": {"password": "pbkdf2_sha256$600000$jGAQuyn3g4M8Xcj7CgBn8I$Ei1MsUP4dXaMYTk5a8QESdDj/dvIIoTLU3zqCPkHCHQ=", "last_login": "2025-05-18T11:07:42.915Z", "is_superuser": true, "email": "admin@admin.com", "full_name": "", "is_active": true, "is_staff": true, "country": null, "created": "2025-05-18T10:07:44.686Z", "groups": [], "user_permissions": []}}]